/*TABLE OF GENERAL INFORMATION OF PEOPLE*/
CREATE TABLE PA_PEOPLE(
  COD_PEOPLE   BIGINT PRIMARY KEY AUTO_INCREMENT    COMMENT 'COD OF THE PERSON'
  ,ID          VARCHAR(60) NOT NULL UNIQUE          COMMENT 'THE ID OF THE PERSON, IT COULD THE PASSPORT OR NATIONAL ID'
  ,TIP_DOCUMENT ENUM("ID","PASSPORT","LICENSE") NOT NULL COMMENT"THE TYPE OF DOCUMENTATION OF THE PERSON",
  ,FIRSTNAME   VARCHAR(120) NOT NULL                COMMENT 'THE FIRTS NAME OF A PERSON'
  ,MIDDLENAME  VARCHAR(120) NOT NULL                COMMENT 'THE MIDDLE NAME OF A PERSON'
  ,LASTNAME    VARCHAR(120) NOT NULL                COMMENT 'THE LAST NAME OF A PERSON'
  ,SEX         ENUM('M','W','F','D') NOT NULL       COMMENT 'THE SEX OF A PERSON'
  ,IND_CIVIL   ENUM('S','M','W') NOT NULL           COMMENT 'THE CIVILIAN STATUS OF A PERSON'
  ,AGE         TINYINT NOT NULL                     COMMENT 'THE AGE OF A PERSON'
  ,TIP_PERSON  ENUM('N','J') NOT NULL               COMMENT 'NATURAL OR JURIDICAL'
  ,USR_ADD     VARCHAR(30) NOT NULL                 COMMENT 'USER THAT ADDED THIS ROW'
  ,USR_UPD     VARCHAR(30) NOT NULL                 COMMENT 'USER WHO MODIFIED THIS ROW'
  ,DAT_ADD     DATETIME NOT NULL                    COMMENT 'DATE THAT THIS ROW WERE ADDED'
  ,DAT_UPD     DATETIME NOT NULL                    COMMENT 'DATE THIS ROW WAS MODIFIED'
)ENGINE=INNODB 
CHARACTER SET UTF8 
COLLATE UTF8_UNICODE_CI;

/*PHONES NUMBERS OF EVERYTHING*/
CREATE TABLE PA_PHONES(

  COD_PHONE    BIGINT PRIMARY KEY AUTO_INCREMENT          COMMENT 'COD OF A PHONE NUMBER'
  ,NUM_AREA    TINYINT NOT NULL                           COMMENT 'NUMBER OF AREA TO CALL'
  ,NUM_PHONE   INT(10) NOT NULL                           COMMENT 'PHONE NUMBER OF THE PERSON'
  ,TYP_PHONE   ENUM('H','O','C') NOT NULL                 COMMENT 'THE TYPE OF PHONE NUMBER H:HOME O:OFFICE C:CELLPHONE'
  ,USR_ADD     VARCHAR(255) NOT NULL                      COMMENT 'USER THAT ADDED THIS ROW'
  ,DAT_ADD     DATETIME NOT NULL                          COMMENT 'DATE THAT THIS ROW WERE ADDED'

 )
 ENGINE=INNODB 
 CHARACTER SET UTF8 
 COLLATE UTF8_UNICODE_CI;

/*RELATION BETWEEN PEOPLE AND PHONES*/

CREATE TABLE REL_PEOPLE_PHONES(
  COD_REL_PEOPHO      BIGINT PRIMARY KEY AUTO_INCREMENT   COMMENT 'RELATIONSHIP BETWEEN PEOPLE AND PHONES',
  COD_PEOPLE          BIGINT                              COMMENT 'COD OF THE PERSON',
  COD_PHONE           BIGINT                              COMMENT 'COD OF A PHONE NUMBER',
  USR_ADD             VARCHAR(255) NOT NULL               COMMENT 'USER THAT ADDED THIS ROW',
  DAT_ADD             DATETIME NOT NULL                   COMMENT 'DATE THAT THIS ROW WERE ADDED',
  FOREIGN KEY`FK_REL_PEOPLE_PHONE`(`COD_PEOPLE`) REFERENCES `PA_PEOPLE`(`COD_PEOPLE`) ON DELETE CASCADE,
  FOREIGN KEY`FK_REL_PHONE_PEOPLE`(`COD_PHONE`) REFERENCES `PA_PHONES`(`COD_PHONE`) ON DELETE CASCADE)
ENGINE = INNODB
CHARACTER SET UTF8
COLLATE UTF8_UNICODE_CI;

/*TABLE OF EMAILS*/
CREATE TABLE PA_EMAILS(

  COD_EMAIL    BIGINT PRIMARY KEY AUTO_INCREMENT   COMMENT 'RELATIONSHIP BETWEEN PEOPLE AND PHONES',
  USEREMAIL    VARCHAR(200)                        COMMENT 'USER OF THE EMAIL ADDRESS',
  SERVEREMAIL  VARCHAR(200)                        COMMENT 'SERVER OF THE EMAIL ADDRESS',
  TYP_EMAIL    ENUM('P','O')                       COMMENT 'P:personal O:office',
  USR_ADD      VARCHAR(255) NOT NULL               COMMENT 'USER THAT ADDED THIS ROW',
  DAT_ADD      DATETIME NOT NULL                   COMMENT 'DATE THAT THIS ROW WERE ADDED'

)ENGINE = INNODB
CHARACTER SET UTF8
COLLATE UTF8_UNICODE_CI;

/*RELATIONSHIP BETWEEN PEOPLE AND EMAILS */
 CREATE TABLE REL_PEOPLE_EMAILS(
   COD_REL_PEOEMA      BIGINT PRIMARY KEY AUTO_INCREMENT        COMMENT 'RELATIONSHIP BETWEEN PEOPLE AND EMAILS'
  ,COD_PEOPLE          BIGINT                                   COMMENT 'COD OF THE PERSON'
  ,COD_EMAIL           BIGINT                                   COMMENT 'RELATIONSHIP BETWEEN PEOPLE AND PHONES'
  ,USR_ADD             VARCHAR(255) NOT NULL                    COMMENT 'USER THAT ADDED THIS ROW'
  ,DAT_ADD             DATETIME NOT NULL                        COMMENT 'DATE THAT THIS ROW WERE ADDED'
  ,FOREIGN KEY`FK_REL_PEOPLE_EMAILS`(`COD_PEOPLE`) REFERENCES `PA_PEOPLE`(`COD_PEOPLE`) ON DELETE CASCADE
  ,FOREIGN KEY`FK_REL_EMAILS_PEOPLE`(`COD_EMAIL`) REFERENCES `PA_EMAILS`(`COD_EMAIL`) ON DELETE CASCADE)
ENGINE = INNODB
CHARACTER SET UTF8
COLLATE UTF8_UNICODE_CI;

/*TABLE OF COUNTRIES*/
CREATE TABLE PA_COUNTRIES(
 
  COD_COUNTRY   BIGINT PRIMARY KEY AUTO_INCREMENT COMMENT 'COD OF THE COUNTRY'
 ,NAM_COUNTRY   VARCHAR(50)                       COMMENT 'NAME OF THE COUNTRY'
 ,DES_COUNTRY   VARCHAR(2000)                     COMMENT 'DESCRIPTION OF THE COUNTRY'
 ,USR_ADD       VARCHAR(255) NOT NULL             COMMENT 'USER THAT ADDED THIS ROW'
 ,DAT_ADD       DATETIME NOT NULL                 COMMENT 'DATE THAT THIS ROW WERE ADDED'

)ENGINE=INNODB 
CHARACTER SET UTF8 
COLLATE UTF8_UNICODE_CI;

/*TABLE OF STATES*/
CREATE TABLE PA_STATES(
    COD_STATE       BIGINT PRIMARY KEY AUTO_INCREMENT COMMENT 'COD OF THE CITY'
   ,COD_COUNTRY     BIGINT                            COMMENT 'COD OF THE COUNTRY'
   ,NAME_STATE      VARCHAR(300)                      COMMENT 'NAME OF THE STATE'
   ,DES_STATE       VARCHAR(2000)                     COMMENT 'DESCRIPTION OF THE STATE'
   ,USR_ADD         VARCHAR(255) NOT NULL             COMMENT 'USER THAT ADDED THIS ROW'
   ,DAT_ADD         DATETIME NOT NULL                 COMMENT 'DATE THAT THIS ROW WERE ADDED'
   ,FOREIGN KEY `FK_COUNTRY_STATE`(`COD_COUNTRY`) REFERENCES `PA_COUNTRIES`(`COD_COUNTRY`) ON DELETE CASCADE
)ENGINE=INNODB 
CHARACTER SET UTF8 
COLLATE UTF8_UNICODE_CI;

/*TABLE OF CITIES*/
CREATE TABLE PA_CITIES(
    COD_CITY      BIGINT PRIMARY KEY AUTO_INCREMENT COMMENT 'COD OF THE CITY'
   ,COD_STATE     BIGINT                            COMMENT 'COD OF THE STATE'
   ,NAM_CITY      VARCHAR(100)                      COMMENT 'NAME OF THE CITY'
   ,ZIP_CODE      INT(32)                           COMMENT 'ZIP CODE OF THE CITY'
   ,POS_CODE      INT(32)                           COMMENT 'POSTAL CODE OF THE CITY'
   ,POPULATION    INT(10)                           COMMENT 'POPULATION OF THE CITY'
   ,CURRENCY      VARCHAR(20)                       COMMENT 'CURRENCY OF THE CITY'
   ,TIMEZONE      VARCHAR(20)                       COMMENT 'TIMEZONE OF THE CITY'
   ,DES_CITY      VARCHAR(2000)                     COMMENT 'DESCRIPTION OF THE CITY'
   ,USR_ADD       VARCHAR(255) NOT NULL             COMMENT 'USER THAT ADDED THIS ROW'
   ,DAT_ADD       DATETIME NOT NULL                 COMMENT 'DATE THAT THIS ROW WERE ADDED'
   ,FOREIGN KEY`FK_REL_STATES_CITIES`(`COD_STATE`) REFERENCES `PA_STATES`(`COD_STATE`) ON DELETE CASCADE
)ENGINE=INNODB 
CHARACTER SET UTF8 
COLLATE UTF8_UNICODE_CI;

/*TABLE OF ADDRESS*/
CREATE TABLE PA_ADDRESS(
    COD_ADDRESS      BIGINT PRIMARY KEY AUTO_INCREMENT          COMMENT 'THE PRIMARY KEY OF THE ADDRESS'
   ,COD_CITY         BIGINT                                     COMMENT 'COD OF THE CITY'
   ,ADDRESS          VARCHAR(2000) NOT NULL                     COMMENT 'THE ADDRESS'
   ,TYP_ADDRESS      ENUM('H','W','A') NOT NULL                 COMMENT 'TYPE OF ADDRESS H:HOME W:WORK A:ADDRESS'  
   ,USR_ADD          VARCHAR(255) NOT NULL                      COMMENT 'USER THAT ADDED THIS ROW'
   ,DAT_ADD          DATETIME NOT NULL                          COMMENT 'DATE THAT THIS ROW WERE ADDED'
   ,FOREIGN KEY `FK_ADDRESS_CITIES`(`COD_CITY`) REFERENCES `PA_CITIES`(`COD_CITY`) ON DELETE CASCADE
)ENGINE=INNODB 
CHARACTER SET UTF8 
COLLATE UTF8_UNICODE_CI;

/* PEOPLE ADDRESS */
CREATE TABLE REL_PEOPLE_ADDRESS(
  
  COD_PEOADD  BIGINT PRIMARY KEY AUTO_INCREMENT  COMMENT 'THE PRIMARY KEY OF THE PEOPLE ADDRESS'
 ,COD_PEOPLE  BIGINT COMMENT 'COD OF THE PERSON'
 ,COD_ADDRESS BIGINT COMMENT 'COD OF THE ADRRESS' 
 ,USR_ADD     VARCHAR(255) NOT NULL                       COMMENT 'USER THAT ADDED THIS ROW'
 ,DAT_ADD     DATETIME NOT NULL                           COMMENT 'DATE THAT THIS ROW WERE ADDED' 
 ,FOREIGN KEY `FK_PEOADD_PEOPLE`(`COD_PEOPLE`) REFERENCES `PA_PEOPLE`(`COD_PEOPLE`) ON DELETE CASCADE
 ,FOREIGN KEY `FK_PEOADD_ADDRESS`(`COD_ADDRESS`) REFERENCES `PA_ADDRESS`(`COD_ADDRESS`) ON DELETE CASCADE
)ENGINE=INNODB 
CHARACTER SET UTF8 
COLLATE UTF8_UNICODE_CI;

/*TABLE TYPE OF PEOPLE*/
CREATE TABLE PA_TIPUSERS(
   COD_TIPUSERS   BIGINT PRIMARY KEY AUTO_INCREMENT  COMMENT 'THE PRIMARY KEY OF TYPE OF USER'
  ,/**/COD_USER       BIGINT                         COMMENT 'COD OF USER'
  ,NOM_TYPE       VARCHAR(120) NOT NULL UNIQUE       COMMENT 'THE NAME OF THE TYPE OF USER'
  ,DES_TYPE       VARCHAR(2000) NOT NULL             COMMENT 'DESCRIPTION OF THE TYPE OF USER'
)ENGINE=INNODB
CHARACTER SET UTF8
COLLATE UTF8_UNICODE_CI;



/* USERS */
CREATE TABLE USERS(
  COD_USER      BIGINT PRIMARY KEY AUTO_INCREMENT  COMMENT 'THE PRIMARY KEY OF THE USER'
  ,COD_PEOPLE   BIGINT                          COMMENT 'COD OF PEOPLE'
  ,COD_TIPUSERS BIGINT                         COMMENT 'COD OF TYPE OF USERS'
  ,NAME         VARCHAR(120) NOT NULL           COMMENT 'THE NAME OF THE USER'
  ,API_TOKEN    VARCHAR(6) NOT NULL             COMMENT 'TOKEN DE ACCESO'  
  ,IND_USR      ENUM('1','0')  NOT NULL         COMMENT 'IND OF THE USER TO ACCESS THE SYSTEM, 0=INACTIVE 1=ACTIVE'
  ,IND_INS      ENUM('1','0') NOT NULL          COMMENT 'IND OF THE FIRST TIME IN THE SYSTEM.'
  ,USR_ADD      VARCHAR(30) NOT NULL           COMMENT 'USER THAT ADDED THIS ROW'
  ,USR_UPD     VARCHAR(30) NOT NULL                COMMENT 'USER WHO MODIFIED THIS ROW'
  ,DAT_UPD     DATETIME NOT NULL                    COMMENT 'DATE THIS ROW WAS MODIFIED'
  ,DAT_ADD      DATETIME NOT NULL               COMMENT 'DATE THAT THIS ROW WERE ADDED'
  ,FOREIGN KEY `FK_PEOADD_PEOUSR`(`COD_PEOPLE`) REFERENCES `PA_PEOPLE`(`COD_PEOPLE`) ON DELETE CASCADE
  ,FOREIGN KEY `FK_TIPUSE_USERS` (`COD_TIPUSERS`) REFERENCES `PA_TIPUSERS`(`COD_TIPUSERS`) ON DELETE CASCADE
)ENGINE=INNODB 
CHARACTER SET UTF8 
COLLATE UTF8_UNICODE_CI;

/*TABLE TYPE OF CUSTOMERS*/
CREATE TABLE PA_TYPCUSTOMERS(
  COD_TYPCUST BIGINT PRIMARY KEY AUTO_INCREMENT COMMENT 'THE PRIMARY KEY OF THE TYPE OF CUSTOMERS'
 ,NOM_TYPCUST VARCHAR(255)                      COMMENT 'NOMBRE OF THE TYPE OF CUSTOMER'
 ,DES_TYPCUST VARCHAR(255)                      COMMENT 'DESCRIPTION OF THE TYPE OF CUSTOMER'
 ,IND_TYPCUST ENUM('1','0') NOT NULL            COMMENT 'IND OF THE TYPE OF CUSTOMER'
   ,USR_ADD         VARCHAR(255) NOT NULL             COMMENT 'USER THAT ADDED THIS ROW'
   ,DAT_ADD         DATETIME NOT NULL                 COMMENT 'DATE THAT THIS ROW WERE ADDED'
)ENGINE=INNODB
CHARACTER SET UTF8
COLLATE UTF8_UNICODE_CI;

/*TABLE OF CUSTOMERS*/
CREATE TABLE PA_CUSTOMERS(
  COD_CUSTOMER BIGINT PRIMARY KEY AUTO_INCREMENT COMMENT 'THE PRYMARY KEY OF THE CUSTOMERS'
 ,COD_PEOPLE   BIGINT                            COMMENT 'COD OF PEOPLE'
 ,COD_TYPCUST  BIGINT                            COMMENT 'COD OF TYPE OF CUSTOMER'
 ,DES_COMPANY  VARCHAR(255)                      COMMENT 'IF THE CUSTOMER WORKS ON A COMPANY'
 ,IND_CUSTOMER ENUM('1','0') NOT NULL            COMMENT 'IND OF THE CUSTOMER' 
   ,USR_ADD         VARCHAR(255) NOT NULL             COMMENT 'USER THAT ADDED THIS ROW'
   ,DAT_ADD         DATETIME NOT NULL                 COMMENT 'DATE THAT THIS ROW WERE ADDED'
 ,FOREIGN KEY `FK_CUST_PEOP` (`COD_PEOPLE`) REFERENCES `PA_PEOPLE`(`COD_PEOPLE`) ON DELETE CASCADE
 ,FOREIGN KEY `FK_TYCU_CUST` (`COD_TYPCUST`) REFERENCES `PA_TYPCUSTOMERS` (`COD_TYPCUST`) ON DELETE CASCADE
)ENGINE=INNODB
CHARACTER SET UTF8
COLLATE UTF8_UNICODE_CI;





-- --------------------------------------------------------
INSERT INTO `countries` (`COD_COUNTRY`, `NAM_COUNTRY`, `DES_COUNTRY`, `USR_ADD`, `DAT_ADD`) VALUES
(1, 'Honduras', 'Pais Centroamericano', 'lfiallos', '2016-11-02 00:00:00'),
(2, 'El Salvador', 'Pais Centroamericano', 'lfiallos', '2016-11-02 00:00:00');

-- --------------------------------------------------------
INSERT INTO `states` (`COD_STATE`, `COD_COUNTRY`, `NAME_STATE`, `DES_STATE`, `USR_ADD`, `DAT_ADD`) VALUES
(1, 1, 'Atlantida', 'Atlantida', 'lfiallos', '2016-11-02 00:00:00'),
(2, 1, 'Colon', 'Colon', 'lfiallos', '2016-11-02 00:00:00'),
(3, 1, 'Comayagua', 'Comayagua', 'lfiallos', '2016-11-02 00:00:00'),
(4, 1, 'Copan', 'Copan', 'lfiallos', '2016-11-02 00:00:00'),
(5, 1, 'Cortes', 'Cortes', 'lfiallos', '2016-11-02 00:00:00'),
(6, 1, 'Choluteca', 'Choluteca', 'lfiallos', '2016-11-02 00:00:00'),
(7, 1, 'El Paraiso', 'El Paraíso', 'lfiallos', '2016-11-02 00:00:00'),
(8, 1, 'Francisco Morazan', 'Francisco Morazán', 'lfiallos', '2016-11-02 00:00:00'),
(9, 1, 'Gracias a Dios', 'Gracias a Dios', 'lfiallos', '2016-11-02 00:00:00'),
(10, 1, 'Intibuca', 'Intibucá', 'lfiallos', '2016-11-02 00:00:00'),
(11, 1, 'La Paz', 'La Paz', 'lfiallos', '2016-11-02 00:00:00'),
(12, 1, 'Lempira', 'Lempira', 'lfiallos', '2016-11-02 00:00:00'),
(13, 1, 'Ocotepeque', 'Ocotepeque', 'lfiallos', '2016-11-02 00:00:00'),
(14, 1, 'Olancho', 'Olancho', 'lfiallos', '2016-11-02 00:00:00'),
(15, 1, 'Santa Barbara', 'Santa Barbara', 'lfiallos', '2016-11-02 00:00:00'),
(16, 1, 'Valle', 'Valle', 'lfiallos', '2016-11-02 00:00:00'),
(17, 1, 'Yoro', 'Yoro', 'lfiallos', '2016-11-02 00:00:00'),
(18, 1, 'Isla de la Bahia', 'Isla de la Bahía', 'lfiallos', '2016-11-02 00:00:00'),
(19, 2, 'Ahuachapan', 'Ahuachapán', 'lfiallos', '2016-11-03 00:00:00'),
(20, 2, 'Cabanas', 'Cabañas', 'lfiallos', '2016-11-03 00:00:00'),
(21, 2, 'Chalatenango', 'Chalatenango', 'lfiallos', '2016-11-03 00:00:00'),
(22, 2, 'Cuscatlan', 'Cuscatlán', 'lfiallos', '2016-11-03 00:00:00'),
(23, 2, 'La Libertad', 'La Libertad', 'lfiallos', '2016-11-03 00:00:00'),
(24, 2, 'La Paz', 'La Paz', 'lfiallos', '2016-11-03 00:00:00'),
(25, 2, 'La Union', 'La Unión', 'lfiallos', '2016-11-03 00:00:00'),
(26, 2, 'Morazan', 'Morazán', 'lfiallos', '2016-11-03 00:00:00'),
(27, 2, 'San Miguel', 'San Miguel', 'lfiallos', '2016-11-03 00:00:00'),
(28, 2, 'San Salvador', 'San Salvador', 'lfiallos', '2016-11-03 00:00:00'),
(29, 2, 'San Vicente', 'San Vicente', 'lfiallos', '2016-11-03 00:00:00'),
(30, 2, 'Santa Ana', 'Santa Ana', 'lfiallos', '2016-11-03 00:00:00'),
(31, 2, 'Sonsonate', 'Sonsonate', 'lfiallos', '2016-11-03 00:00:00'),
(32, 2, 'Usulutan', 'Usulután', 'lfiallos', '2016-11-03 00:00:00');

-- --------------------------------------------------------
INSERT INTO `cities` (`COD_CITY`, `COD_STATE`, `NAM_CITY`, `ZIP_CODE`, `POS_CODE`, `POPULATION`, `CURRENCY`, `TIMEZONE`, `DES_CITY`, `USR_ADD`, `DAT_ADD`) VALUES
(1, 1, 'La Ceiba', 504, 31101, 449882, 'LPS', '-6', '8 Municipios', 'lfiallos', '2016-11-02 00:00:00'),
(2, 2, 'Trujillo', 504, 32101, 319786, 'LPS', '-6', 'Tiene 10 Municipios', 'lfiallos', '2016-11-02 00:00:00'),
(3, 3, 'Comayagua', 504, 12101, 382722, 'LPS', '-6', 'Tiene 21 Municipios', 'lfiallos', '2016-11-02 00:00:00'),
(4, 4, 'Santa Rosa de Copan', 504, 41101, 382722, 'LPS', '-6', 'Tiene 23 Municipios', 'lfiallos', '2016-11-02 00:00:00'),
(5, 5, 'San Pedro Sula', 504, 21101, 1621762, 'LPS', '-6', 'Tiene 12 Municipios', 'lfiallos', '2016-11-02 00:00:00'),
(6, 6, 'Choluteca', 504, 51101, 447854, 'LPS', '-6', 'Tiene 16 municipios', 'lfiallos', '2016-11-02 00:00:00'),
(7, 7, 'Yuscaran', 504, 13101, 458472, 'LPS', '-6', 'Tiene 19 Municipios', 'lfiallos', '2016-11-02 00:00:00'),
(8, 8, 'Tegucigalpa', 504, 11101, 1553379, 'LPS', '-6', 'Tiene 28 Municipios', 'lfiallos', '2016-11-02 00:00:00'),
(9, 9, 'Puerto Lempira', 504, 33101, 94450, 'LPS', '-6', 'Tiene 6 Municipios', 'lfiallos', '2016-11-02 00:00:00'),
(10, 10, 'La Esperanza', 504, 14101, 241568, 'LPS', '-6', 'Tiene 17 Municipios', 'lfiallos', '2016-11-02 00:00:00'),
(11, 11, 'La Paz', 504, 15101, 206065, 'LPS', '-6', 'Tiene 19 Municipios', 'lfiallos', '2016-11-02 00:00:00'),
(12, 12, 'Gracias', 504, 42101, 333125, 'LPS', '-6', 'Tiene 28 Municipios', 'lfiallos', '2016-11-02 00:00:00'),
(13, 13, 'Nueva Ocotepeque', 504, 43101, 151516, 'LPS', '-6', 'Tiene 16 Municipios', 'lfiallos', '2016-11-02 00:00:00'),
(14, 14, 'Juticalpa', 504, 16101, 537306, 'LPS', '-6', 'Tiene 23 Municipios', 'lfiallos', '2016-11-02 00:00:00'),
(15, 15, 'SantaBarbara', 504, 22101, 434896, 'LPS', '-6', 'Tiene 23 Municipios', 'lfiallos', '2016-11-02 00:00:00'),
(16, 16, 'Nacaome', 504, 52101, 185227, 'LPS', '-6', 'Tiene 9 Municipios', 'lfiallos', '2016-11-02 00:00:00'),
(17, 17, 'Yoro', 504, 53101, 613473, 'LPS', '-6', 'Tiene 11 Municipios', 'lfiallos', '2016-11-02 00:00:00'),
(18, 18, 'Roatan', 504, 34101, 65932, 'LPS', '-6', 'Tiene 4 Municipios', 'lfiallos', '2016-11-02 00:00:00'),
(19, 19, 'Ahuachapan', 503, 2101, 319503, '$', 'UTC-06:00', 'Ahuachapán', 'lfiallos', '2016-11-03 00:00:00'),
(20, 20, 'Sensuntepeque', 503, 1201, 149326, '$', 'UTC-06:00', 'Sensuntepeque', 'lfiallos', '2016-11-03 00:00:00'),
(21, 21, 'Chalatenango', 503, 1301, 192788, '$', 'UTC-06:00', 'Chalatenango', 'lfiallos', '2016-11-03 00:00:00'),
(22, 22, 'Cojutepeque', 503, 1401, 231480, '$', 'UTC-06:00', 'Cojutepeque', 'lfiallos', '2016-11-03 00:00:00'),
(23, 23, 'Santa Tecla', 503, 1501, 660652, '$', 'UTC-06:00', 'Santa Tecla', 'lfiallos', '2016-11-03 00:00:00'),
(24, 24, 'Zacatecoluca', 503, 1601, 308087, '$', 'UTC-06:00', 'Zacatecoluca', 'lfiallos', '2016-11-03 00:00:00'),
(25, 25, 'La Union', 503, 3101, 238217, '$', 'UTC-06:00', 'La Unión', 'lfiallos', '0000-00-00 00:00:00'),
(26, 26, 'San Francisco', 503, NULL, 174426, '$', 'UTC-06:00', 'San Francisco', 'lfiallos', '2016-11-03 00:00:00'),
(27, 27, 'San Miguel', 503, 3301, 434003, '$', 'UTC-06:00', 'San Miguel', 'lfiallos', '2016-11-03 00:00:00'),
(28, 28, 'San Salvador', 503, 1101, 1567156, '$', 'UTC-06:00', 'San Salvador', 'lfiallos', '2016-11-03 00:00:00'),
(29, 29, 'San Vicente', 503, 1701, 161645, '$', 'UTC-06:00', 'San Vicente', 'lfiallos', '2016-11-03 00:00:00'),
(30, 30, 'Santa Ana', 503, 2201, 523655, '$', 'UTC-06:00', 'Santa Ana', 'lfiallos', '2016-11-03 00:00:00'),
(31, 31, 'Sonsonate', 503, 2301, 438960, '$', 'UTC-06:00', 'Sonsonate', 'lfiallos', '2016-11-03 00:00:00'),
(32, 32, 'Usulutan', 302, 3401, 344235, '$', 'UTC-06:00', 'Usulután', 'lfiallos', '2016-11-03 00:00:00');
--
-- Dumping data for table `users`
--

INSERT INTO `users` (`COD_USER`, `COD_PEOPLE`, `NAME`, `CLAVE`, `NUMERICO`, `TIP_USR`, `IND_USR`, `IND_INS`, `USR_ADD`, `DAT_ADD`) VALUES
(1, 1, 'lfiallos', '1e28fe23fb146a883e01981724113f33', '111111', 'administrator', '1', '0', 'lfiallos', '2016-11-04 00:00:00'),
(2, 2, 'grivera', '1e28fe23fb146a883e01981724113f33', '111111', 'outsourcing', '1', '0', 'lfiallos', '2016-11-07 00:00:00'),
(3, 3, 'nzuniga', '1e28fe23fb146a883e01981724113f33', '111111', 'outsourcing', '1', '0', 'lfiallos', '2016-11-08 00:00:00');

--
